{"cameraMode":{"drawMode":0,"name":"Shaded","section":"Shading Mode"},"sceneLighting":true,"audioPlay":false,"sceneViewState":{"showFog":true,"showMaterialUpdate":false,"showSkybox":true,"showFlares":true,"showImageEffects":true,"showParticleSystems":true},"in2DMode":false,"pivot":{"x":23.86050796508789,"y":1.8876008987426758,"z":0.05470528453588486},"rotation":{"x":0.03749110922217369,"y":-3.833508515072026e-7,"z":-1.1131955091059354e-7,"w":0.999297022819519},"size":5.779698848724365,"orthographic":true}